Band #,Development,Site Banded,Nest# Banded,Nest Recipient,Nest Origin,Date,Julain Date,experimental?,Treatment Reared,Age (days),Sex,Brood#,Clutch Size Origin,Brood Size Reared,swapped?,Kid#,RWL,Tot. Mass,Cone,Net Mass,Mites?,D?,D No.,Plasma?,Feather?,Mother-Recipient,Mother-RecipientCort,Father-Recipient,Father-RecipientCort,Mother-Origin,Mother-OriginCort,Father-Origin,Father-OriginCort,Biol Mom,Biol MomCort,Biol Dad,Biol DadCort,Social Dad Genetic?,Fate,Notes,Plasma Date, Plasma Julain Date,Approach Time,Basline Time,StandardApproachTime,Latency Time,Latency Num,Stress Time,Elapsed Time,Elasped Num,[Baseline]  (ng/ml) ,ln [Baseline] ,[Stress] (ng/ml) ,ln [Stress] ,[Stress Response] (ng/ml),ln [Stress Response],Bird,date,patch,total.bright,avg.bright,hue,chrom
2391-83546,N,Autumn Hill,45,AUTH45,FISH1,6/21/2010,172,Y,increase,12,F,1,5,4,Y,1,44.0,21.00,4.00,17.00,N,Y,10-239,Y,Y,2540-44674,y,2540-44629,y,2540-44593,y,2540-44680,y,2540-44593,y,2540-44680,y,Y,fledged,,6/21/2010,172,16:05:16,16:07:20,16.0878,0:02:04,2.067,16:20:49,0:15:33,15.550,6.584520,1.884721,29.522320,3.385147,22.937800,3.132786,239183546,62110,N,47569.35733,23.820409,615.4266667,0.430493311
2391-83548,N,Autumn Hill,45,AUTH45,AUTH45,6/21/2010,172,Y,increase,12,F,1,4,4,N,3,40.0,18.50,4.00,14.50,N,Y,10-241,Y,Y,2540-44674,y,2540-44629,y,2540-44674,y,2540-44629,y,2540-44674,y,2540-44773,n,N,fledged,,6/21/2010,172,16:05:16,16:07:13,16.0878,0:01:57,1.950,,,,3.796780,1.334153,,,,,239183548,62110,N,63862.755,31.979347,622.1266667,0.391592236
2391-83549,N,Autumn Hill,45,AUTH45,AUTH45,6/21/2010,172,Y,increase,12,M,1,4,4,N,4,44.0,20.50,4.00,16.50,N,Y,10-242,Y,Y,2540-44674,y,2540-44629,y,2540-44674,y,2540-44629,y,2540-44674,y,2540-44629,y,Y,fledged,,6/21/2010,172,16:05:16,16:06:37,16.0878,0:01:21,1.350,16:22:33,0:17:17,17.283,3.057380,1.117558,45.994180,3.828515,42.936800,3.759729,239183549,62110,N,33186.723,16.618289,688.1133333,0.414800123
2391-83600,N,Autumn Hill,84,AUTH84,AUTH84,7/6/2010,187,Y,control,12,M,1,3,3,N,1,52.0,20.50,2.00,18.50,N,Y,10-053,Y,Y,2540-98766,y,2540-98754,y,2540-98766,y,2540-98754,y,2540-98766,y,2540-98754,y,Y,fledged,,7/6/2010,187,12:39:37,12:40:39,12.6603,0:01:02,1.033,12:55:04,0:15:27,15.450,5.274960,1.662971,42.896600,3.758793,37.621640,3.627579,239183600,70610,N,58230.77033,29.159124,640.7433333,0.416338434
2511-04701,N,Autumn Hill,84,AUTH84,AUTH84,7/6/2010,187,Y,control,12,M,1,3,3,N,2,57.5,20.50,2.00,18.50,N,Y,10-054,Y,Y,2540-98766,y,2540-98754,y,2540-98766,y,2540-98754,y,2540-98766,y,2540-98754,y,Y,fledged,,7/6/2010,187,12:39:37,12:40:56,12.6603,0:01:19,1.317,12:56:17,0:16:40,16.667,2.076940,0.730896,32.930680,3.494405,30.853740,3.429258,251104701,70610,N,67920.832,34.011433,585.0966667,0.37613485
2511-04702,N,Autumn Hill,84,AUTH84,AUTH84,7/6/2010,187,Y,control,12,M,1,3,3,N,3,53.0,21.75,2.25,19.50,N,Y,10-055,Y,Y,2540-98766,y,2540-98754,y,2540-98766,y,2540-98754,y,2540-98766,y,2540-98754,y,Y,fledged,,7/6/2010,187,12:39:37,12:41:41,12.6603,0:02:04,2.067,12:55:30,0:15:53,15.883,3.840800,1.345681,31.190520,3.440114,27.349720,3.308706,251104702,70610,N,32002.12767,16.025101,609.7333333,0.419111871
2391-90818,N,Autumn Hill,87,AUTH87,AUTH87,7/11/2010,192,Y,increase,12,M,1,4,5,N,3,51.5,19.25,2.00,17.25,N,Y,10-056,Y,Y,2540-44631,y,2540-98742,y,2540-44631,y,2540-98742,y,2540-44631,y,,n,N,fledged,,7/11/2010,192,12:24:13,12:25:51,12.4036,0:01:38,1.633,12:42:42,0:18:29,18.483,0.922240,-0.080950,28.055020,3.334168,27.132780,3.300743,239190818,71110,N,69807.72333,34.956296,646.0633333,0.393664028
2391-90819,N,Autumn Hill,87,AUTH87,AUTH87,7/11/2010,192,Y,increase,12,M,1,4,5,N,4,52.0,19.00,2.00,17.00,N,Y,10-057,Y,Y,2540-44631,y,2540-98742,y,2540-44631,y,2540-98742,y,2540-44631,y,2540-98742,y,Y,fledged,,7/11/2010,192,12:24:13,12:25:59,12.4036,0:01:46,1.767,12:40:08,0:15:55,15.917,3.431600,1.233027,35.787640,3.577603,32.356040,3.476801,239190819,71110,N,40556.016,20.308471,669.3633333,0.438574216
2391-90820,N,Autumn Hill,87,AUTH87,AUTH87,7/11/2010,192,Y,increase,12,M,1,4,5,N,5,53.0,20.75,2.00,18.75,N,Y,10-058,Y,Y,2540-44631,y,2540-98742,y,2540-44631,y,2540-98742,y,2540-44631,y,,n,N,fledged,,7/11/2010,192,12:24:13,12:26:36,12.4036,0:02:23,2.383,12:42:07,0:17:54,17.900,3.310320,1.197045,21.199180,3.053963,17.888860,2.884178,239190820,71110,N,40490.45667,20.275642,658.41,0.451389786
2511-04713,N,Autumn Hill,89,AUTH89,AUTH89,7/17/2010,198,Y,decrease,12,M,1,5,2,N,1,34.0,11.50,2.25,9.25,N,Y,10-061,Y,Y,2540-44768,y,2540-46098,y,2540-44768,y,2540-46098,y,2540-44768,y,2540-46086,y,N,died on 7/18,"decreased by 2 chicks, was labeled incorrectly as 2511-83713, but date/location correct and not a real combitio",7/17/2010,198,10:25:50,10:26:50,10.4306,0:01:00,1.000,10:39:50,0:14:00,14.000,5.970000,1.786747,16.450360,2.800347,10.480360,2.349503,251104713,71710,N,60919.233,30.505375,632.3933333,0.410205197
2511-04714,N,Autumn Hill,89,AUTH89,AUTH89,7/17/2010,198,Y,decrease,12,F,1,5,2,N,2,52.0,16.00,2.25,13.75,N,Y,10-062,Y,Y,2540-44768,y,2540-46098,y,2540-44768,y,2540-46098,y,2540-44768,y,2540-46098,y,Y,died on 7/18, ,7/17/2010,198,10:25:50,10:26:55,10.4306,0:01:05,1.083,10:40:05,0:14:15,14.250,3.240740,1.175802,9.199620,2.219162,5.958880,1.784883,251104714,71710,N,28426.25467,14.234479,610.3966667,0.450327923
2391-84037,N,Blue Cloud,18,BLCL18,BLCL18,7/6/2010,187,Y,control,12,,1,5,4,N,1,52.0,17.75,2.00,15.75,N,Y,10-065,Y,Y,2600-27235,y,2600-27236,y,2600-27235,y,2600-27236,y,2600-27235,y,2540-98610,n,N,fledged,,7/6/2010,187,15:35:48,15:36:55,15.5967,0:01:07,1.117,15:54:31,0:18:43,18.717,6.680860,1.899247,19.990820,2.995273,13.309960,2.588513,239184037,70610,N,41665.77133,20.864182,627.46,0.402374921
2391-84038,N,Blue Cloud,18,BLCL18,BLCL18,7/6/2010,187,Y,control,12,M,1,5,4,N,2,46.0,15.50,2.00,13.50,N,Y,10-066,Y,Y,2600-27235,y,2600-27236,y,2600-27235,y,2600-27236,y,2600-27235,y,2600-27236,y,Y,fledged,,7/6/2010,187,15:35:48,15:37:40,15.5967,0:01:52,1.867,15:51:32,0:15:44,15.733,14.299100,2.660197,19.864820,2.988950,5.565720,1.716626,239184038,70610,N,59748.93433,29.919346,643.75,0.396829292
2391-84039,N,Blue Cloud,18,BLCL18,BLCL18,7/6/2010,187,Y,control,12,F,1,5,4,N,3,47.5,16.00,2.00,14.00,N,Y,10-067,Y,Y,2600-27235,y,2600-27236,y,2600-27235,y,2600-27236,y,2600-27235,y,2600-27236,y,Y,fledged,,7/6/2010,187,15:35:48,15:37:24,15.5967,0:01:36,1.600,15:51:46,0:15:58,15.967,12.229420,2.503845,20.787900,3.034371,8.558480,2.146923,239184039,70610,N,55475.26733,27.779303,644.13,0.416386726
2391-84040,N,Blue Cloud,18,BLCL18,BLCL18,7/6/2010,187,Y,control,12,F,1,5,4,N,4,47.0,16.50,2.00,14.50,N,Y,10-068,Y,Y,2600-27235,y,2600-27236,y,2600-27235,y,2600-27236,y,2600-27235,y,,n,N,fledged,,7/6/2010,187,15:35:48,15:39:38,15.5967,0:03:50,3.833,15:53:56,0:18:08,18.133,,,28.007020,3.332455,,,239184040,70610,N,48508.23433,24.290553,644.51,0.395572384
2391-84022,N,Cargill,24,CARG24,CARG24,6/26/2010,177,Y,decrease,12,M,1,5,3,N,1,59.5,24.50,4.50,20.00,Y,Y,10-247,Y,Y,2540-44584,y,2540-46019,y,2540-44584,y,2540-46019,y,2540-44584,y,2540-46019,y,Y,fledged,decreased nest,6/26/2010,177,14:42:50,14:43:41,14.7139,0:00:51,0.850,14:58:34,0:15:44,15.733,1.107100,0.101744,10.906040,2.389317,9.798940,2.282274,239184022,62610,N,39573.91167,19.816681,614.45,0.399847658
2391-84023,N,Cargill,24,CARG24,CARG24,6/26/2010,177,Y,decrease,12,F,1,5,3,N,2,60.0,23.25,4.50,18.75,Y,Y,10-248,Y,Y,2540-44584,y,2540-46019,y,2540-44584,y,2540-46019,y,2540-44584,y,2540-46019,y,Y,fledged,,6/26/2010,177,14:42:50,14:44:18,14.7139,0:01:28,1.467,14:59:49,0:16:59,16.983,0.290380,-1.241190,20.300640,3.010652,20.011600,2.996312,239184023,62610,N,53590.10667,26.835306,601.1166667,0.386971185
2391-84024,N,Cargill,24,CARG24,CARG24,6/26/2010,177,Y,decrease,12,M,1,5,3,N,3,57.0,23.00,3.25,19.75,Y,Y,10-249,Y,Y,2540-44584,y,2540-46019,y,2540-44584,y,2540-46019,y,2540-44584,y,2540-46019,y,Y,fledged,,6/26/2010,177,14:42:50,14:44:34,14.7139,0:01:44,1.733,14:58:10,0:15:20,15.333,0.334700,-1.094521,9.856020,2.288082,9.521320,2.253533,239184024,62610,N,64523.28933,32.310110,630.7633333,0.38096757
2391-84083,N,CHR,9,COHR9,COHR9,7/31/2010,212,Y,increase,12,M,1,4,5,N,1,48.0,21.00,1.75,19.25,N,Y,10-069,Y,Y,2540-98819,y,2600-27207,y,2540-98819,y,2600-27207,y,2540-98819,y,2600-27207,y,Y,predated,,7/31/2010,212,13:59:15,14:00:15,13.9875,0:01:00,1.000,14:16:14,0:16:59,16.983,0.726920,-0.318939,28.118000,3.336410,27.391080,3.310217,239184083,73110,N,68854.914,34.479176,632.71,0.379905016
2391-84084,N,CHR,9,COHR9,COHR9,7/31/2010,212,Y,increase,12,M,1,4,5,N,2,50.5,21.25,1.75,19.50,N,Y,10-070,Y,Y,2540-98819,y,2600-27207,y,2540-98819,y,2600-27207,y,2540-98819,y,2600-27207,y,Y,predated,,7/31/2010,212,13:59:15,14:00:45,13.9875,0:01:30,1.500,14:19:15,0:20:00,20.000,1.40416,0.339439,30.893480,3.430545,29.489320,3.384028,239184084,73110,N,39533.185,19.796287,645.12,0.403506172
2391-84077,N,CHR,58,COHR58,COHR58,7/28/2010,209,Y,control,12,M,1,4,4,N,1,53.0,22.50,2.50,20.00,N,Y,10-071,Y,Y,2600-27215,y,2600-27214,y,2600-27215,y,2600-27214,y,2600-27215,y,2540-46086,y,N,fledged,,7/28/2010,209,13:09:40,13:10:15,13.1611,0:00:35,0.583,13:25:04,0:15:24,15.400,0.408680,-0.894820,19.511360,2.970997,19.369660,2.963708,239184077,72810,N,31038.30267,15.542465,616.1033333,0.441008688
2391-84079,N,CHR,58,COHR58,COHR58,7/28/2010,209,Y,control,12,F,1,4,4,N,3,59.0,23.75,2.50,21.25,N,Y,10-072,Y,Y,2600-27215,y,2600-27214,y,2600-27215,y,2600-27214,y,2600-27215,y,2600-27214,y,N,fledged,,7/28/2010,209,13:09:40,13:11:40,13.1611,0:02:00,2.000,13:26:03,0:16:23,16.383,1.496860,0.403370,21.010380,3.045017,19.513520,2.971108,239184079,72810,N,55634.97833,27.859278,632.7733333,0.38765379
2391-83890,N,Colorado Sky,4,COSK4,AUTH81,6/25/2010,176,Y,increase,12,F,1,5,4,Y,1,55.0,23.50,3.25,20.25,Y,Y,10-146,Y,Y,2540-44694,y,2540-98637,y,2540-44624,y,2540-98611,y,2540-44624,y,2540-98611,y,Y,fledged,,6/25/2010,176,16:11:45,16:13:10,16.1958,0:01:25,1.417,16:30:30,0:18:45,18.750,2.544260,0.933840,22.856800,3.129249,20.312540,3.011238,239183890,62510,N,41101.80267,20.581774,624.0266667,0.396048066
2391-90543,N,Colorado Sky,4,COSK4,AUTH81,6/25/2010,176,Y,increase,12,F,1,5,4,Y,2,57.0,22.00,3.00,19.00,Y,Y,10-073,Y,Y,2540-44694,y,2540-98637,y,2540-44624,y,2540-98611,y,2540-44624,y,2540-44764,"y, am sample",N,fledged,,6/25/2010,176,16:11:45,16:13:35,16.1958,0:01:50,1.833,16:26:45,0:15:00,15.000,7.135700,1.965110,19.885040,2.989968,12.749340,2.545480,239190543,62510,N,44996.05767,22.531827,627.46,0.402267027
2391-90544,N,Colorado Sky,4,COSK4,COSK4,6/25/2010,176,Y,increase,12,M,1,5,4,N,3,60.5,24.25,3.25,21.00,Y,Y,10-074,Y,Y,2540-44694,y,2540-98637,y,2540-44694,y,2540-98637,y,2540-44694,y,2540-98637,y,Y,fledged,,6/25/2010,176,16:11:45,16:14:40,16.1958,0:02:55,2.917,16:27:35,0:15:50,15.833,4.820660,1.572911,27.760500,3.323614,22.939840,3.132875,239190544,62510,N,54531.76933,27.306845,627.1466667,0.392238585
2391-90552,N,Conoco,C5,CONOC5,CONOC5,7/21/2010,202,Y,decrease,12,M,1,5,3,N,1,53.0,21.75,2.00,19.75,N,Y,10-075,Y,Y,2540-98935,y,2540-98934,y,2540-98935,y,2540-98934,y,2540-98935,y,2540-98934,y,Y,fledged,probable pair from earlier attempt,7/21/2010,202,15:14:30,15:15:32,15.2417,0:01:02,1.033,15:30:10,0:15:40,15.667,1.586400,0.461467,20.422440,3.016634,18.836040,2.935772,239190552,72110,N,40442.06567,20.251410,615.1566667,0.429839718
2391-90553,N,Conoco,C5,CONOC5,CONOC5,7/21/2010,202,Y,decrease,12,F,1,5,3,N,2,53.0,21.50,2.00,19.50,N,Y,10-076,Y,Y,2540-98935,y,2540-98934,y,2540-98935,y,2540-98934,y,2540-98935,y,2540-98655,y,N,fledged,,7/21/2010,202,15:14:30,15:16:16,15.2417,0:01:46,1.767,15:31:17,0:16:47,16.783,0.353700,-1.039310,15.329080,2.729752,15.080200,2.713383,239190553,72110,N,32619.14467,16.334073,616.7533333,0.425342468
2391-90554,N,Conoco,C5,CONOC5,CONOC5,7/21/2010,202,Y,decrease,12,M ,1,5,3,N,3,59.0,23.00,2.00,21.00,Y,Y,10-077,Y,Y,2540-98935,y,2540-98934,y,2540-98935,y,2540-98934,y,2540-98935,y,2540-98655,y,N,fledged,,7/21/2010,202,15:14:30,15:17:18,15.2417,0:02:48,2.800,15:34:26,0:19:56,19.933,1.940200,0.662791,20.664540,3.028419,18.724340,2.929824,239190554,72110,N,30384.471,15.215058,657.7666667,0.404358295
2391-83652,N,Creepy Shack,3,CRSH3,AUTH89,7/17/2010,198,Y,increase,12,M,1,5,5,Y,3,55.5,19.50,2.00,17.50,Y,Y,10-059,Y,Y,2540-98811,Y,2540-98676,Y,2540-44768,Y,2540-46098,Y,2540-44768,Y,2540-46098,Y,Y,fledged,,7/17/2010,198,13:40:00,13:41:50,13.6667,0:01:50,1.833,13:56:45,0:16:45,16.750,3.195060,1.161606,14.590500,2.680371,11.395440,2.433213,239183652,71710,N,28266.195,14.154329,648.43,0.439283567
2391-83653,N,Creepy Shack,3,CRSH3,AUTH89,7/17/2010,198,Y,increase,12,F,1,5,5,Y,4,50.5,20.00,2.00,18.00,N,Y,10-060,Y,Y,2540-98811,Y,2540-98676,Y,2540-44768,Y,2540-46098,Y,2540-44768,Y,2540-46098,Y,Y,fledged,,7/17/2010,198,13:40:00,13:42:15,13.6667,0:02:15,2.250,13:57:29,0:17:29,17.483,6.618800,1.889914,22.185300,3.099430,15.566500,2.745121,239183653,71710,N,65450.87367,32.774599,628.08,0.389649234
2391-84052,N,Creepy Shack,3,CRSH3,CRSH3,7/17/2010,198,Y,increase,12,F,1,4,5,N,1,53.0,19.50,2.00,17.50,N,Y,10-078,Y,Y,2540-98811,y,2540-98676,y,2540-98811,y,2540-98676,y,2540-98811,y,2540-98676,y,Y,fledged,,7/17/2010,198,13:40:00,13:40:53,13.6667,0:00:53,0.883,13:55:49,0:15:49,15.817,0.761380,-0.272623,14.843720,2.697577,14.082340,2.644922,239184052,71710,N,50609.541,25.342785,617.1566667,0.403562905
2391-84053,N,Creepy Shack,3,CRSH3,CRSH3,7/17/2010,198,Y,increase,12,F,1,4,5,N,2,54.0,20.50,2.00,18.50,N,Y,10-079,Y,Y,2540-98811,y,2540-98676,y,2540-98811,y,2540-98676,y,2540-98811,y,2540-98676,y,Y,fledged,,7/17/2010,198,13:40:00,13:41:38,13.6667,0:01:38,1.633,13:56:44,0:16:44,16.733,7.094500,1.959320,17.200340,2.844929,10.105840,2.313113,239184053,71710,N,45558.149,22.813294,644.13,0.405099316
2391-84054,N,Creepy Shack,3,CRSH3,CRSH3,7/17/2010,198,Y,increase,12,M,1,4,5,N,5,52.5,17.50,2.00,15.50,N,Y,10-080,Y,Y,2540-98811,y,2540-98676,y,2540-98811,y,2540-98676,y,2540-98811,y,2540-98676,y,Y,fledged,,7/17/2010,198,13:40:00,13:42:36,13.6667,0:02:36,2.600,13:58:50,0:18:50,18.833,9.546280,2.256152,25.030260,3.220085,15.483980,2.739806,239184054,71710,N,21645.298,10.838907,627.46,0.395512929
2391-83638,N,Empire,1,EMPI1,EMPI1,7/3/2010,184,Y,decrease,12,F,1,5,3,N,1,54.0,21.75,3.25,18.50,N,Y,10-251,Y,Y,2540-98657,y,2540-98647,y,2540-98657,y,2540-98647,y,2540-98657,y,2540-98647,y,Y,fledged,decreased nest,7/3/2010,184,14:06:05,14:06:40,14.1014,0:00:35,0.583,14:24:09,0:18:04,18.067,0.435880,-0.830390,47.917000,3.869470,47.669020,3.864282,239183638,70310,N,72358.32033,36.233510,627.4466667,0.341261217
2391-83639,N,Empire,1,EMPI1,EMPI1,7/3/2010,184,Y,decrease,12,M,1,5,3,N,2,60.0,21.50,3.25,18.25,N,Y,10-252,Y,Y,2540-98657,y,2540-98647,y,2540-98657,y,2540-98647,y,2540-98657,y,2540-98647,y,Y,fledged,,7/3/2010,184,14:06:05,14:07:47,14.1014,0:01:42,1.700,14:22:44,0:16:39,16.650,4.251580,1.447291,47.947160,3.870100,43.695580,3.777247,239183639,70310,N,30265.21733,15.155342,607.7366667,0.444263319
2391-83640,N,Empire,1,EMPI1,EMPI1,7/3/2010,184,Y,decrease,12,F,1,5,3,N,3,58.5,21.00,3.25,17.75,N,Y,10-253,Y,Y,2540-98657,y,2540-98647,y,2540-98657,y,2540-98647,y,2540-98657,y,2540-98647,y,Y,fledged,,7/3/2010,184,14:06:05,14:08:15,14.1014,0:02:10,2.167,14:22:04,0:15:59,15.983,2.285020,0.826375,32.347760,3.476545,30.062740,3.403287,239183640,70310,N,40705.56633,20.383358,627.4466667,0.383609811
2391-83550,N,Fisher,1,FISH1,FISH1,6/21/2010,172,Y,decrease,12,F,1,5,3,N,1,55.0,27.00,4.00,23.00,N,Y,10-153,Y,Y,2540-44593,y,2540-44680,y,2540-44593,y,2540-44680,y,2540-44593,y,2540-44680,y,Y,fledged,,6/21/2010,172,17:07:58,17:09:03,17.1328,0:01:05,1.083,17:23:13,0:15:15,15.250,1.743280,0.555768,26.342920,3.271200,24.599640,3.202732,239183550,62110,N,32487.33833,16.268071,596.1033333,0.434160709
2391-83551,N,Fisher,1,FISH1,FISH1,6/21/2010,172,Y,decrease,12,M,1,5,3,N,2,56.0,25.75,4.00,21.75,N,Y,10-154,Y,Y,2540-44593,y,2540-44680,y,2540-44593,y,2540-44680,y,2540-44593,y,2540-44680,y,Y,fledged,,6/21/2010,172,17:07:58,17:09:29,17.1328,0:01:31,1.517,17:23:06,0:15:08,15.133,0.560080,-0.579676,18.588580,2.922547,18.028500,2.891954,239183551,62110,N,57611.86167,28.849205,577.4,0.39891345
2391-83552,N,Fisher,1,FISH1,FISH1,6/21/2010,172,Y,decrease,12,F,1,5,3,N,3,47.0,26.00,4.00,22.00,N,Y,10-155,Y,Y,2540-44593,y,2540-44680,y,2540-44593,y,2540-44680,y,2540-44593,y,2540-44680,y,Y,fledged,,6/21/2010,172,17:07:58,17:10:08,17.1328,0:02:10,2.167,17:24:30,0:16:32,16.533,1.094180,0.090005,23.312300,3.148981,22.218120,3.100908,239183552,62110,N,58236.64533,29.162066,583.0766667,0.381558699
2391-83887,N,Fisher,10,FISH10,FISH36,6/23/2010,174,Y,increase,12,F,1,6,5,Y,1,53.0,22.25,3.50,18.75,Y,Y,10-156,Y,Y,2540-98783,Y,2540-44602,Y,2540-98618,y,2540-98711,Y,2540-98618,y,,n,N,fledged,,6/23/2010,174,11:59:45,12:03:26,11.9958,0:03:41,3.683,12:15:20,0:15:35,15.583,,,23.144140,3.141742,,,239183887,62310,N,24506.28567,12.271550,643.3633333,0.453849067
2391-83888,N,Fisher,10,FISH10,FISH36,6/23/2010,174,Y,increase,12,M,1,6,5,Y,2,49.5,22.00,3.50,18.50,Y,Y,10-157,Y,Y,2540-98783,Y,2540-44602,Y,2540-98618,y,2540-98711,Y,2540-98618,y,2600-27228,y,N,fledged,,6/23/2010,174,11:59:45,12:01:00,11.9958,0:01:15,1.250,12:18:10,0:18:25,18.417,0.975360,-0.024949,29.138600,3.372064,28.163240,3.338018,239183888,62310,N,81639.84,40.881242,622.0566667,0.345520608
2391-90805,N,Fisher,10,FISH10,FISH10,6/23/2010,174,Y,increase,12,F,1,4,5,N,3,55.0,22.75,3.50,19.25,Y,Y,10-254,Y,Y,2540-98783,y,2540-44602,y,2540-98783,y,2540-44602,y,2540-98783,y,2540-44602,y,Y,fledged,,6/23/2010,174,11:59:45,12:01:20,11.9958,0:01:35,1.583,12:16:15,0:16:30,16.500,2.257340,0.814187,11.375740,2.431483,9.118400,2.210294,239190805,62310,N,64248.763,32.172640,650.1466667,0.383041284
2391-90806,N,Fisher,10,FISH10,FISH10,6/23/2010,174,Y,increase,12,F,1,4,5,N,4,52.0,24.50,3.50,21.00,Y,Y,10-255,Y,Y,2540-98783,y,2540-44602,y,2540-98783,y,2540-44602,y,2540-98783,y,,n,N,fledged,,6/23/2010,174,11:59:45,12:02:45,11.9958,0:03:00,3.000,12:17:10,0:17:25,17.417,6.026060,1.796093,24.264200,3.189002,18.238140,2.903515,239190806,62210,N,32094.23467,16.071224,650.77,0.409801602
2391-83553,N,Fisher,27,FISH27,FISH27,6/22/2010,173,Y,increase,12,M,1,5,6,N,1,52.0,24.75,4.00,20.75,N,Y,10-257,Y,Y,2540-98630,y,2600-27228,y,2540-98630,y,2600-27228,y,2540-98630,y,2600-27228,y,Y,fledged,increased nest,6/22/2010,173,16:57:45,16:59:30,16.9625,0:01:45,1.750,17:15:06,0:17:21,17.350,2.908580,1.067665,27.573740,3.316864,24.665160,3.205392,239183553,62210,N,36543.454,18.299176,596.4233333,0.426612966
2391-83554,N,Fisher,27,FISH27,FISH27,6/22/2010,173,Y,increase,12,F,1,5,6,N,2,48.0,22.00,4.00,18.00,N,Y,10-258,Y,Y,2540-98630,y,2600-27228,y,2540-98630,y,2600-27228,y,2540-98630,y,2540-98711,y,N,fledged,,6/22/2010,173,16:57:45,17:00:30,16.9625,0:02:45,2.750,17:15:41,0:17:56,17.933,3.443700,1.236546,22.840800,3.128548,19.397100,2.965124,239183554,62210,N,79635.882,39.877758,628.15,0.375554816
2391-83555,N,Fisher,27,FISH27,FISH27,6/22/2010,173,Y,increase,12,F,1,5,6,N,3,50.0,20.75,4.00,16.75,N,Y,10-259,Y,Y,2540-98630,y,2600-27228,y,2540-98630,y,2600-27228,y,2540-98630,y,2540-98711,y,N,fledged,,6/22/2010,173,16:57:45,17:00:50,16.9625,0:03:05,3.083,17:16:50,0:19:05,19.083,,,33.367700,3.507588,,,239183555,62210,N,43183.234,21.624053,627.13,0.407885981
2391-83577,N,Fisher,31,FISH31,EMPI1,7/3/2010,184,Y,increase,12,M,1,4,6,Y,3,63.0,22.00,2.00,20.00,N,Y,10-301,Y,Y,2540-98915,y,2540-98914,y,2540-98657,y,2540-98647,y,2540-98657,y,2540-98647,y,Y,fledged,,7/3/2010,184,15:08:20,15:10:27,15.1389,0:02:07,2.117,15:28:04,0:19:44,19.733,3.413560,1.227756,42.349680,3.745961,38.936120,3.661922,239183577,70310,N,36991.867,18.523719,603.7233333,0.425324703
2391-83578,N,Fisher,31,FISH31,EMPI1,7/3/2010,184,Y,increase,12,F,1,4,6,Y,4,61.0,22.00,2.00,20.00,N,Y,10-302,Y,Y,2540-98915,y,2540-98914,y,2540-98657,y,2540-98647,y,2540-98657,y,2540-98647,y,Y,fledged,,7/3/2010,184,15:08:20,15:10:46,15.1389,0:02:26,2.433,15:29:35,0:21:15,21.250,3.738600,1.318711,39.970000,3.688129,36.231400,3.589926,239183578,70310,N,69188.64933,34.646294,627.7633333,0.331999307
2391-83641,N,Fisher,31,FISH31,FISH31,7/3/2010,184,Y,increase,12,F,1,4,6,N,1,54.5,21.00,2.00,19.00,N,Y,10-081,Y,Y,2540-98915,Y,2540-98914,Y,2540-98915,Y,2540-98914,Y,2540-98915,Y,2540-98914,Y,Y,fledged,,7/3/2010,184,15:08:20,15:09:23,15.1389,0:01:03,1.050,15:25:16,0:16:56,16.933,1.327060,0.282966,26.253000,3.267780,24.925940,3.215909,239183641,70310,N,47072.76433,23.571740,602.06,0.433630118
2391-83642,N,Fisher,31,FISH31,FISH31,7/3/2010,184,Y,increase,12,F,1,4,6,N,2,52.0,18.00,2.00,16.00,N,Y,10-082,Y,Y,2540-98915,Y,2540-98914,Y,2540-98915,Y,2540-98914,Y,2540-98915,Y,2540-98914,Y,Y,fledged,baseline blood for 2 and 3 may be mixed up,7/3/2010,184,15:08:20,15:10:06,15.1389,0:01:46,1.767,15:26:13,0:17:53,17.883,13.613000,2.611025,29.188780,3.373784,15.575780,2.745717,239183642,70310,N,50644.04933,25.360065,584.71,0.410202297
2391-83643,N,Fisher,31,FISH31,FISH31,7/3/2010,184,Y,increase,12,F,1,4,6,N,5,59.0,22.00,2.00,20.00,N,Y,10-083,Y,Y,2540-98915,Y,2540-98914,Y,2540-98915,Y,2540-98914,Y,2540-98915,Y,2540-98914,Y,Y,fledged,,7/3/2010,184,15:08:20,15:11:32,15.1389,0:03:12,3.200,15:26:14,0:17:54,17.900,,,30.181720,3.407236,,,239183643,70310,N,38051.68533,19.054424,638.4166667,0.355200182
2391-83644,N,Fisher,31,FISH31,FISH31,7/3/2010,184,Y,increase,12,M,1,4,6,N,6,56.0,20.75,2.00,18.75,N,Y,10-084,Y,Y,2540-98915,Y,2540-98914,Y,2540-98915,Y,2540-98914,Y,2540-98915,Y,2540-98914,Y,Y,fledged,,7/3/2010,184,15:08:20,15:11:40,15.1389,0:03:20,3.333,15:31:15,0:22:55,22.917,,,35.237300,3.562105,,,239183644,70310,N,62225.17,31.159324,616.1233333,0.36614286
2391-90801,N,Fisher,36,FISH36,FISH36,6/23/2010,174,Y,decrease,12,M,1,6,4,N,1,51.5,22.00,3.50,18.50,N,Y,10-158,Y,Y,2540-98618,y,2540-98711,y,2540-98618,y,2540-98711,y,2540-98618,y,,n,N,fledged,,6/23/2010,174,11:29:14,11:30:55,11.4872,0:01:41,1.683,11:45:10,0:15:56,15.933,2.506820,0.919015,25.317280,3.231487,22.810460,3.127219,239190801,62310,N,48306.26233,24.189415,647.0633333,0.430061422
2391-90802,N,Fisher,36,FISH36,FISH36,6/23/2010,174,Y,decrease,12,M,1,6,4,N,2,49.0,20.00,3.50,16.50,N,Y,10-159,Y,Y,2540-98618,y,2540-98711,y,2540-98618,y,2540-98711,y,2540-98618,y,,n,N,fledged,,6/23/2010,174,11:29:14,11:31:15,11.4872,0:02:01,2.017,11:46:30,0:17:16,17.267,4.487400,1.501273,37.852380,3.633694,33.364980,3.507507,239190802,62310,N,37147.65967,18.601732,580.7466667,0.44172931
2391-90803,N,Fisher,36,FISH36,FISH36,6/23/2010,174,Y,decrease,12,F,1,6,4,N,3,56.0,21.75,3.50,18.25,Y,Y,10-160,Y,Y,2540-98618,y,2540-98711,y,2540-98618,y,2540-98711,y,2540-98618,y,2600-27228,y,N,fledged,,6/23/2010,174,11:29:14,11:31:48,11.4872,0:02:34,2.567,11:45:10,0:15:56,15.933,3.326060,1.201788,19.382940,2.964393,16.056880,2.776137,239190803,62310,N,56405.07833,28.244907,624.4466667,0.392588976
2391-83891,N,Fisher,38,FISH38,SCHA24,6/24/2010,175,Y,increase,12,F,1,5,4,Y,2,47.0,24.00,3.50,20.50,N,Y,10-173,Y,Y,2540-44595,y,2540-98717,y,2540-44550,y,2540-44725,y,2540-44550,y,2351-05656,y,N,fledged,,6/24/2010,175,13:18:30,13:19:40,13.3083,0:01:10,1.167,13:34:34,0:16:04,16.067,3.038400,1.111331,26.103000,3.262050,23.064600,3.138299,239183891,62410,N,46283.12167,23.176325,642.3933333,0.399745417
2391-90808,N,Fisher,38,FISH38,FISH38,6/24/2010,175,Y,increase,12,M,1,5,4,N,1,52.0,23.50,3.50,20.00,N,Y,10-162,Y,Y,2540-44595,y,2540-98717,y,2540-44595,y,2540-98717,y,2540-44595,y,,n,N,fledged,increaed by 2 chikcs,6/24/2010,175,13:18:30,13:19:56,13.3083,0:01:26,1.433,13:35:15,0:16:45,16.750,4.221880,1.440281,16.916740,2.828304,12.694860,2.541197,239190808,62410,N,46068.892,23.069050,622.1333333,0.40952477
2391-90809,N,Fisher,38,FISH38,FISH38,6/24/2010,175,Y,increase,12,F,1,5,4,N,3,49.0,23.00,3.00,20.00,N,Y,10-163,Y,Y,2540-44595,y,2540-98717,y,2540-44595,y,2540-98717,y,2540-44595,y,,n,N,fledged,,6/24/2010,175,13:18:30,13:20:30,13.3083,0:02:00,2.000,13:36:02,0:17:32,17.533,3.992980,1.384538,21.486000,3.067402,17.493020,2.861802,239190809,62410,N,33582.40767,16.816428,681.1,0.383302942
2391-90813,N,Fisher,42,FISH42,SCHA11,6/30/2010,181,Y,increase,12,F,1,5,7,Y,3,56.0,20.00,2.25,17.75,N,Y,10-168,Y,Y,2540-98916,y,,n,2540-46014,y,2540-46015,y,2540-46014,y,2540-46015,y,Y,fledged,,6/30/2010,181,13:47:00,13:50:00,13.7833,0:03:00,3.000,14:06:40,0:19:40,19.667,5.167600,1.642408,12.704480,2.541955,7.536880,2.019808,239190813,63010,N,60524.07833,30.307500,616.41,0.392441881
2391-83655,N,Fisher,43,FISH43,FISH43,7/29/2010,210,Y,control,12,F,1,4,4,N,2,54.0,23.00,3.25,19.75,Y,Y,10-085,Y,Y,2540-98955,Y,2540-98719,Y,2540-98955,Y,2540-98719,Y,2540-98955,Y,2540-98719,Y,Y,fledged,,7/29/2010,210,14:12:10,14:13:40,14.2028,0:01:30,1.500,14:27:30,0:15:20,15.333,4.124540,1.416954,37.129760,3.614419,33.005220,3.496666,239183655,72910,N,50014.83033,25.044983,645.4366667,0.384278884
2391-83656,N,Fisher,43,FISH43,FISH43,7/29/2010,210,Y,control,12,,1,4,4,N,1,48.5,14.75,2.50,12.25,Y,Y,,Y,N,2540-98955,Y,2540-98719,Y,2540-98955,Y,2540-98719,Y,2540-98955,Y,2540-98719,Y,Y,fledged,,7/29/2010,210,14:12:10,14:13:12,14.2028,0:01:30,1.500,,,,,,56.21802,4.029237,,,,,,,,,
2391-90648,N,Grizz,13,GRIZ13,GRIZ13,7/22/2010,203,Y,increase,12,M,1,4,4,N,1,59.0,21.00,2.75,18.25,Y,Y,10-310,Y,Y,2540-44810,y,2540-98799,y,2540-44810,y,2540-98799,y,2540-44810,y,2540-98799,y,Y,fledged,,7/22/2010,203,14:41:00,14:42:20,14.6833,0:01:20,1.333,14:56:35,0:15:35,15.583,12.829340,2.551735,52.196760,3.955020,39.367420,3.672939,239190648,72210,N,51531.78633,25.804600,569.7466667,0.406546308
2391-90649,N,Grizz,13,GRIZ13,COHR12,7/22/2010,203,Y,increase,12,F,1,4,4,Y,2,59.0,20.25,2.75,17.50,Y,Y,10-300,Y,Y,2540-44810,y,2540-98799,y,2600-27233,y,2540-46087,y,2600-27233,y,2540-46087,y,Y,fledged,,7/22/2010,203,14:41:00,14:42:35,14.6833,0:01:35,1.583,14:56:15,0:15:15,15.250,11.138960,2.410449,50.067020,3.913363,38.928060,3.661715,239190649,72210,N,49342.44333,24.708284,569.4233333,0.392048262
2391-90653,N,Grizz,13,GRIZ13,GRIZ13,7/22/2010,203,Y,increase,12,,1,4,4,N,3,38.0,14.75,2.75,12.00,Y,Y,10-087,Y,N,2540-44810,y,2540-98799,y,2540-44810,y,2540-98799,y,2540-44810,y,2540-98799,y,Y,fledged,,7/22/2010,203,14:41:00,14:42:19,14.6833,0:01:19,1.333,14:56:37,0:15:37,15.583,4.521680,1.508884,29.237320,3.375446,24.715640,3.207436,,,,,,,
2391-90654,N,Grizz,13,GRIZ13,COHR12,7/22/2010,203,Y,increase,12,F,1,4,4,Y,4,48.5,17.50,2.75,14.75,Y,Y,10-088,Y,Y,2540-44810,y,2540-98799,y,2600-27233,y,2540-46087,y,2600-27233,y,2540-46087,y,Y,fledged,eye parasite,7/22/2010,203,14:41:00,14:43:17,14.6833,0:02:17,2.283,,,,15.421160,2.735741,,,,,239190654,72210,N,37731.392,18.894037,600.7033333,0.450796016
2391-90650,N,Grizz,51,GRIZ51,GRIZ52,7/22/2010,203,Y,increase,12,M,1,5,3,Y,1,61.5,23.25,2.75,20.50,Y,Y,10-250,Y,Y,2540-44980,y,2540-44997,n,2540-98729,y,2540-44989,n,2540-98729,y,,n,N,fledged,,7/22/2010,203,14:20:00,14:21:35,14.3333,0:01:35,1.583,14:35:28,0:15:28,15.467,6.974960,1.942327,20.077820,2.999616,13.102860,2.572831,239190650,72210,N,49684.61833,24.879629,568.7066667,0.421484419
2391-90651,N,Grizz,51,GRIZ51,GRIZ51,7/22/2010,203,Y,increase,12,F,1,4,3,N,2,54.0,20.25,2.75,17.50,Y,Y,10-090,Y,Y,2540-44980,y,2540-44997,n,2540-44980,y,2540-44997,n,2540-44980,y,2540-98799,y,N,fledged,,7/22/2010,203,14:20:00,14:21:37,14.3333,0:01:37,1.617,14:35:28,0:15:28,15.467,4.389620,1.479243,45.320740,3.813765,40.931120,3.711891,239190651,72210,N,41676.83867,20.869724,599.7733333,0.416972001
2391-90652,N,Grizz,51,GRIZ51,GRIZ51,7/22/2010,203,Y,increase,12,M,1,4,3,N,3,60.0,23.00,2.75,20.25,Y,Y,10-091,Y,Y,2540-44980,y,2540-44997,n,2540-44980,y,2540-44997,n,2540-44980,y,2540-44997,n,Y,fledged,,7/22/2010,203,14:20:00,14:21:46,14.3333,0:01:46,1.767,14:35:13,0:15:13,15.217,5.255020,1.659184,39.820960,3.684393,34.565940,3.542869,239190652,72210,N,75478.07967,37.795733,622.4466667,0.344463408
2391-84030,N,Grizz,87,GRIZ87,GRIZ87,7/5/2010,186,Y,decrease,12,F,1,5,2,N,1,59.5,25.00,3.50,21.50,N,Y,10-093,Y,Y,2540-98746,y,2540-44864,n,2540-98746,y,2540-44864,n,2540-98746,y,2540-44864,n,Y,predated,decreased nest,7/5/2010,186,14:24:48,14:25:38,14.4133,0:00:50,0.833,14:39:52,0:15:04,15.067,1.270440,0.239363,19.294780,2.959835,18.024340,2.891723,239184030,70510,N,42489.65433,21.276742,674.39,0.450896337
2391-84031,N,Grizz,87,GRIZ87,GRIZ87,7/5/2010,186,Y,decrease,12,F,1,5,2,N,2,59.0,23.75,4.50,19.25,N,Y,10-094,Y,Y,2540-98746,y,2540-44864,n,2540-98746,y,2540-44864,n,2540-98746,y,2540-44864,n,Y,predated,,7/5/2010,186,14:24:48,14:25:52,14.4133,0:01:04,1.067,14:40:08,0:15:20,15.333,1.332620,0.287147,29.286600,3.377130,27.953980,3.330560,239184031,70510,N,73008.23367,36.558955,674.77,0.37697105
2391-84025,N,Leona's,1,LEON1,LEON1,6/28/2010,179,Y,control,12,M,1,5,5,N,1,57.0,23.25,3.25,20.00,N,Y,10-095,Y,Y,2540-98616,y,2600-27230,y,2540-98616,y,2600-27230,y,2540-98616,y,,n,N,fledged,,6/28/2010,179,14:38:15,14:39:17,14.6375,0:01:02,1.033,14:53:22,0:15:07,15.117,0.526600,-0.792658,12.613240,2.534747,12.160600,2.498201,239184025,62810,N,35538.03333,17.795710,640.45,0.422313503
2391-84026,N,Leona's,1,LEON1,LEON1,6/28/2010,179,Y,control,12,F,1,5,5,N,2,64.0,23.50,3.25,20.25,N,Y,10-096,Y,Y,2540-98616,y,2600-27230,y,2540-98616,y,2600-27230,y,2540-98616,y,,n,N,fledged,,6/28/2010,179,14:38:15,14:39:59,14.6375,0:01:44,1.733,14:54:13,0:15:58,15.967,2.036880,0.711419,23.011860,3.136010,20.974980,3.043330,239184026,62810,N,46971.77067,23.521167,681.1,0.353321875
2391-84027,N,Leona's,1,LEON1,LEON1,6/28/2010,179,Y,control,12,F,1,5,5,N,3,64.0,23.75,3.25,20.50,N,Y,10-097,Y,Y,2540-98616,y,2600-27230,y,2540-98616,y,2600-27230,y,2540-98616,y,,n,N,fledged,,6/28/2010,179,14:38:15,14:40:45,14.6375,0:02:30,2.500,14:55:10,0:16:55,16.917,2.538040,0.931392,20.218120,3.006579,17.680080,2.872439,239184027,62810,N,41121.56267,20.591669,652.7433333,0.430834444
2391-84028,N,Leona's,1,LEON1,LEON1,6/28/2010,179,Y,control,12,F,1,5,5,N,4,64.5,24.00,4.50,19.50,N,Y,10-098,Y,Y,2540-98616,y,2600-27230,y,2540-98616,y,2600-27230,y,2540-98616,y,2600-27230,y,Y,fledged,,6/28/2010,179,14:38:15,14:41:06,14.6375,0:02:51,2.850,14:54:40,0:16:25,16.417,4.492460,1.502400,26.925880,3.293088,22.433420,3.110552,239184028,62810,N,53084.96933,26.582358,641.1166667,0.411353065
2391-84029,N,Leona's,1,LEON1,LEON1,6/28/2010,179,Y,control,12,M,1,5,5,N,5,61.0,25.00,4.50,20.50,N,Y,10-099,Y,Y,2540-98616,y,2600-27230,y,2540-98616,y,2600-27230,y,2540-98616,y,,n,N,fledged,,6/28/2010,179,14:38:15,14:41:18,14.6375,0:03:03,3.050,14:56:06,0:17:51,17.850,,,21.119300,3.050187,,,239184029,62810,N,46743.411,23.406816,618.46,0.420506085
2391-83654,N,Make Believe,9,MAKE9,MAKE51,7/19/2010,200,Y,increase,12,M,2,5,3,Y,1,61.0,22.00,3.50,18.50,N,Y,10-102,Y,Y,2540-44558,y,2540-98929,n,2540-98815,y,2540-98930,y,2540-98815,Y,2540-44900,n,N,fledged,,7/19/2010,200,15:16:00,15:17:03,15.2667,0:01:03,1.050,15:31:31,0:15:31,15.517,7.189300,1.972594,40.821300,3.709204,33.632000,3.515478,239183654,71910,N,64560.02333,32.328504,583.0666667,0.400824565
2391-90645,N,Make Believe,9,MAKE9,MAKE9,7/19/2010,200,Y,increase,12,M,2,5,3,N,2,53.0,18.00,3.50,14.50,N,Y,10-100,Y,Y,2540-44558,y,2540-98929,n,2540-44558,y,2540-98929,n,2540-44558,y,,n,N,fledged,,7/19/2010,200,15:16:00,15:17:23,15.2667,0:01:23,1.383,15:32:02,0:16:02,16.033,3.687200,1.304867,34.208940,3.532487,30.521740,3.418439,239190645,71910,N,40940.239,20.500871,636.38,0.402854187
2391-90646,N,Make Believe,9,MAKE9,MAKE9,7/19/2010,200,Y,increase,12,M,2,5,3,N,3,45.0,15.50,3.50,12.00,N,Y,10-101,Y,Y,2540-44558,y,2540-98929,n,2540-44558,y,2540-98929,n,2540-44558,y,2540-98929,n,Y,fledged,,7/19/2010,200,15:16:00,15:18:23,15.2667,0:02:23,2.383,15:33:03,0:17:03,17.050,10.370020,2.338919,21.854520,3.084408,11.484500,2.440998,239190646,71910,N,23046.125,11.540373,656.1333333,0.423673817
2391-90647,N,Make Believe,51,MAKE51,MAKE51,7/19/2010,200,Y,decrease,12,F,1,5,1,Y,1,60.0,20.50,3.50,17.00,N,Y,10-103,Y,Y,2540-98815,y,2540-98930,y,2540-98815,y,2540-98930,y,2540-98815,y,2540-98645,y,N,fledged,,7/19/2010,200,15:36:15,15:36:45,15.6042,0:00:30,0.500,15:51:12,0:14:57,14.950,3.274800,1.186257,38.474440,3.649994,35.199640,3.561036,239190647,71910,N,16026.13533,8.025105,647.1033333,0.505281993
2391-83894,N,Moorhead,1,MOOR1,MOOR1,6/23/2010,174,Y,control,12,M,1,5,3,N,1,50.5,,,22.00,Y,Y,10-288,Y,Y,2540-46072,y,2540-46073,y,2540-46072,y,2540-46073,y,2540-46072,y,2540-46073,y,Y,fledged,,6/23/2010,174,14:12:45,14:14:00,14.2125,0:01:15,1.250,14:34:00,0:21:15,21.250,0.564720,-0.571425,28.964540,3.366072,28.399820,3.346383,239183894,62310,N,43085.901,21.575313,598.71,0.420631698
2391-83895,N,Moorhead,1,MOOR1,MOOR1,6/23/2010,174,Y,control,12,F,1,5,3,N,2,50.0,,,20.25,Y,Y,10-289,Y,Y,2540-46072,y,2540-46073,y,2540-46072,y,2540-46073,y,2540-46072,y,2540-46073,y,Y,fledged,,6/23/2010,174,14:12:45,14:14:10,14.2125,0:01:25,1.417,14:32:00,0:19:15,19.250,1.839440,0.609461,19.498720,2.970349,17.659280,2.871261,239183895,62310,N,49486.198,24.780269,620.0766667,0.365634054
2391-83896,N,Moorhead,1,MOOR1,MOOR1,6/23/2010,174,Y,control,12,M,1,5,3,N,3,56.0,,,21.00,Y,Y,10-290,Y,Y,2540-46072,y,2540-46073,y,2540-46072,y,2540-46073,y,2540-46072,y,2540-46073,y,Y,fledged,,6/23/2010,174,14:12:45,14:14:55,14.2125,0:02:10,2.167,14:32:00,0:19:15,19.250,1.856380,0.618628,30.981160,3.433379,29.124780,3.371589,239183896,62310,N,40325.37967,20.192979,656.0866667,0.419990969
2391-83579,N,schaap,11,SCHA11,SCHA11,6/30/2010,181,Y,decrease,12,M,1,5,3,N,1,60.0,24.50,2.25,22.25,N,Y,10-165,Y,Y,2540-46014,y,2540-46015,y,2540-46014,y,2540-46015,y,2540-46014,y,2540-44880,n,N,fledged,,6/30/2010,181,16:41:38,16:42:55,16.6939,0:01:17,1.283,16:57:13,0:15:35,15.583,0.14048,-1.962690,19.958080,2.993634,19.287300,2.959447,239183579,63010,N,61422.67333,30.757473,587.7433333,0.39934822
2391-83580,N,schaap,11,SCHA11,SCHA11,6/30/2010,181,Y,decrease,12,F,1,5,3,N,2,61.0,24.75,2.25,22.50,N,Y,10-166,Y,Y,2540-46014,y,2540-46015,y,2540-46014,y,2540-46015,y,2540-46014,y,2540-44880,n,N,fledged,,6/30/2010,181,16:41:38,16:43:10,16.6939,0:01:32,1.533,16:57:04,0:15:26,15.433,0.435880,-0.830390,15.347580,2.730958,15.265320,2.725584,239183580,63110,N,56777.767,28.431531,602.0666667,0.413623623
2391-83581,N,schaap,11,SCHA11,SCHA11,6/30/2010,181,Y,decrease,12,F,1,5,3,N,3,55.0,21.50,2.25,19.25,N,Y,10-167,Y,Y,2540-46014,y,2540-46015,y,2540-46014,y,2540-46015,y,2540-46014,y,2540-46015,y,Y,fledged,,6/30/2010,181,16:41:38,16:43:57,16.6939,0:02:19,2.317,16:58:30,0:16:52,16.867,2.663660,0.979701,23.918720,3.174661,21.255060,3.056595,239183581,63010,N,66473.97033,33.286916,617.1266667,0.388363313
2391-83558,N,schaap,24,SCHA24,SCHA24,6/24/2010,175,Y,decrease,12,F,1,5,3,N,1,48.0,23.50,4.00,19.50,Y,Y,10-170,Y,Y,2540-44550,y,2540-44725,y,2540-44550,y,2540-44725,y,2540-44550,y,2351-05656,y,N,fledged,"2540-98684 also hanging out with female with incubating, swapped 2 chicks out ",6/24/2010,175,15:37:27,15:38:25,15.6242,0:00:58,0.967,,,,0.445480,-0.808600,,,,,239183558,62410,N,37393.76367,18.724969,602.4066667,0.450498089
2391-83559,N,schaap,24,SCHA24,SCHA24,6/24/2010,175,Y,decrease,12,M,1,5,3,N,2,50.0,24.25,4.00,20.25,Y,Y,10-171,Y,Y,2540-44550,y,2540-44725,y,2540-44550,y,2540-44725,y,2540-44550,y,2540-44725,y,Y,fledged,,6/24/2010,175,15:37:27,15:38:40,15.6242,0:01:13,1.217,15:57:38,0:20:11,20.183,0.526600,-0.641310,27.433500,3.311765,27.180180,3.302488,239183559,62410,N,32074.689,16.061437,625.4033333,0.424704921
2391-83588,N,schaap,45,SCHA45,SCHA45,7/2/2010,183,Y,increase,12,M,1,5,7,N,1,61.0,21.00,2.50,18.50,N,Y,10-291,Y,Y,2540-44552,y,2540-44897,y,2540-44552,y,2540-44897,y,2540-44552,y,,n,N,fledged,Increased by 2 chicks,7/2/2010,183,14:41:06,14:41:56,14.6850,0:00:50,0.833,14:56:58,0:15:52,15.867,0.665960,-0.406526,48.310640,3.877652,47.644680,3.863771,239183588,70210,N,40880.32033,20.470866,630.0866667,0.431611815
2391-83589,N,schaap,45,SCHA45,SCHA45,7/2/2010,183,Y,increase,12,M,1,5,7,N,2,65.5,21.50,2.50,19.00,N,Y,10-292,Y,Y,2540-44552,y,2540-44897,y,2540-44552,y,2540-44897,y,2540-44552,y,,n,N,fledged,,7/2/2010,183,14:41:06,14:43:10,14.6850,0:02:04,2.07,14:58:15,0:17:09,17.150,2.639700,0.970665,39.773420,3.683199,37.133720,3.614525,239183589,70210,N,43351.223,21.708174,673.1366667,0.412189216
2391-83565,N,schaap,49,SCHA49,SCHA49,6/26/2010,177,Y,control,12,M,1,4,4,N,2,57.0,24.50,4.00,20.50,Y,Y,10-297,Y,Y,2540-98683,y,2540-98645,y,2540-98683,y,2540-98645,y,2540-98683,y,,n,N,fledged,,6/26/2010,177,16:25:00,16:27:15,16.4167,0:02:15,2.250,16:41:15,0:16:15,16.250,2.381380,0.867680,35.732860,3.576071,33.351480,3.507102,239183565,62610,N,37494.92633,18.775627,633.4133333,0.425454594
2391-83566,N,schaap,49,SCHA49,SCHA49,6/26/2010,177,Y,control,12,F,1,4,4,N,3,58.0,24.00,4.00,20.00,Y,Y,10-298,Y,Y,2540-98683,y,2540-98645,y,2540-98683,y,2540-98645,y,2540-98683,y,,n,N,fledged,,6/26/2010,177,16:25:00,16:29:00,16.4167,0:04:00,,16:41:23,0:16:23,16.383,,,19.502360,2.970535,,,239183566,62610,N,61534.756,30.813598,613.7533333,0.406216466
2391-83593,N,schaap,64,SCHA64,SCHA64,7/5/2010,186,Y,increase,12,M,1,5,7,N,1,60.5,20.25,2.00,18.25,Y,Y,10-001,Y,Y,2540-98664,y,2351-05510,y,2540-98664,y,2351-05510,y,2540-98664,y,2540-46015,y,N,fledged,"Increased by 2 chicks, 3/7 chicks died",7/5/2010,186,13:18:08,13:19:25,13.3022,0:01:17,1.283,13:33:16,0:15:08,15.133,1.530520,0.425608,28.806100,3.360587,27.275580,3.305992,239183593,70510,N,42382.424,21.223047,579.0733333,0.433399562
2391-83594,N,schaap,64,SCHA64,SCHA64,7/5/2010,186,Y,increase,12,F,1,5,7,N,3,61.0,22.00,2.00,20.00,Y,Y,10-002,Y,Y,2540-98664,y,2351-05510,y,2540-98664,y,2351-05510,y,2540-98664,y,,n,N,fledged,,7/5/2010,186,13:18:08,13:20:45,13.3022,0:02:37,2.617,13:34:20,0:16:12,16.200,4.994240,1.608285,18.352480,2.909765,13.358240,2.592133,239183594,70510,N,54273.2,27.177366,580.08,0.413855207
2391-83595,N,schaap,64,SCHA64,SCHA64,7/5/2010,186,Y,increase,12,M,1,5,7,N,4,60.0,22.25,2.00,20.25,Y,Y,10-003,Y,Y,2540-98664,y,2351-05510,y,2540-98664,y,2351-05510,y,2540-98664,y,,n,N,fledged,,7/5/2010,186,13:18:08,13:20:50,13.3022,0:02:42,2.700,13:35:40,0:17:32,17.533,4.924080,1.594137,22.555120,3.115962,17.631040,2.869661,239183595,70510,N,46354.966,23.212301,624.1233333,0.446795097
2511-04715,N,schaap,67,SCHA67,AUTH90,7/24/2010,205,Y,increase,12,M,1,4,6,Y,5,55.5,20.50,2.50,18.00,Y,Y,10-063,Y,Y,2540-98961,y,,n,2540-98702,y,2540-46056,y,2540-98702,y,2540-46056,y,Y,fledged,,7/24/2010,205,13:45:55,13:48:55,13.7653,0:03:00,3.000,14:03:00,0:17:05,17.083,4.754400,1.559071,23.620080,3.162097,18.865680,2.937344,251104715,72410,N,63012.33733,31.553499,638.4166667,0.39347294
2511-04716,N,schaap,67,SCHA67,AUTH90,7/24/2010,205,Y,increase,12,M,1,4,6,Y,4,62.0,23.00,2.50,20.50,Y,Y,10-064,Y,Y,2540-98961,y,,n,2540-98702,y,2540-46056,y,2540-98702,y,2540-46056,y,Y,fledged,,7/24/2010,205,13:45:55,13:48:40,13.7653,0:02:45,2.750,14:03:00,0:17:05,17.083,2.166920,0.773307,25.172320,3.225745,23.005400,3.135729,251104716,72410,N,31822.14967,15.934977,600.3633333,0.419618813
2511-04718,N,schaap,66,SCHA66,SCHA66,7/20/2010,201,Y,increase,12,M,1,5,6,N,3,55.0,19.50,2.25,17.25,Y,Y,10-029,Y,Y,2351-05403,y,2391-83716,n,2351-05403,y,2391-83716,n,2351-05403,y,2391-83716,n,Y,fledged,,7/20/2010,201,15:39:00,15:39:41,15.6500,0:00:41,0.683,15:54:24,0:15:24,15.400,19.064440,2.947825,25.973880,3.257091,6.909440,1.932889,251104718,72010,N,57441.92567,28.764109,612.7666667,0.405173137
2391-84016,N,struther,5,STRU5,CARG24,6/26/2010,177,Y,increase,12,M,1,5,6,Y,1,60.0,20.50,3.25,17.25,N,Y,10-245,Y,Y,2540-98740,y,2351-05656,y,2540-44584,y,2540-46019,y,2540-44584,y,2540-46019,y,Y,fledged,,6/26/2010,177,13:35:15,13:36:39,13.5875,0:01:24,1.400,13:53:20,0:18:05,18.083,0.775440,-0.254325,9.614640,2.263287,8.839200,2.179196,239184016,62610,N,44475.51533,22.271164,632.47,0.413415227
2391-84017,N,struther,5,STRU5,STRU5,6/26/2010,177,Y,increase,12,M,1,5,6,N,2,56.5,21.75,3.25,18.50,N,Y,10-010,Y,Y,2540-98740,y,2351-05656,y,2540-98740,y,2351-05656,y,2540-98740,y,2351-05656,y,Y,fledged,,6/26/2010,177,13:35:15,13:37:12,13.5875,0:01:57,1.950,13:56:10,0:20:55,20.917,3.583880,1.276446,12.879780,2.555659,9.295900,2.229573,239184017,62610,N,29328.408,14.686233,617.7466667,0.399897826
2391-84018,N,struther,5,STRU5,CARG24,6/26/2010,177,Y,increase,12,F,1,5,6,Y,3,60.0,20.25,3.25,17.00,N,Y,10-246,Y,Y,2540-98740,y,2351-05656,y,2540-44584,y,2540-46019,y,2540-44584,y,2540-46019,y,Y,fledged,,6/26/2010,177,13:35:15,13:37:50,13.5875,0:02:35,2.583,13:52:32,0:17:17,17.283,3.940660,1.371348,6.066380,1.802762,2.125720,0.754111,239184018,62610,N,40758.86067,20.410045,639.73,0.394837723
2391-84019,N,struther,5,STRU5,STRU5,6/26/2010,177,Y,increase,12,M,1,5,6,N,4,57.5,21.00,3.25,17.75,Y,Y,10-011,Y,Y,2540-98740,y,2351-05656,y,2540-98740,y,2351-05656,y,2540-98740,y,,n,N,fledged,,6/26/2010,177,13:35:15,13:38:01,13.5875,0:02:46,2.767,13:53:38,0:18:23,18.383,4.245760,1.445921,18.527640,2.919264,14.281880,2.658992,239184019,62610,N,30614.056,15.330023,643.7433333,0.429822791
2391-84020,N,struther,5,STRU5,STRU5,6/26/2010,177,Y,increase,12,M,1,5,6,N,5,55.0,20.25,3.25,17.00,N,Y,10-012,Y,Y,2540-98740,y,2351-05656,y,2540-98740,y,2351-05656,y,2540-98740,y,,n,N,fledged,,6/26/2010,177,13:35:15,13:38:35,13.5875,0:03:20,3.333,13:54:57,0:19:42,19.700,,,13.316360,2.588993,,,239184020,62610,N,33773.41633,16.912076,656.7166667,0.400851081
2391-90555,N,Wagener,1,WAGE1,WAGE1,7/23/2010,204,Y,control,12,M,1,4,4,N,1,53.0,21.50,2.00,19.50,Y,Y,10-104,Y,Y,2540-98654,y,2540-98655,y,2540-98654,y,2540-98655,y,2540-98654,y,2540-98655,y,Y,predated,,7/23/2010,204,12:29:15,12:29:49,12.4875,0:00:34,0.567,12:45:30,0:16:15,16.250,0.808820,-0.212179,28.552480,3.351744,27.743660,3.323007,239190555,72310,N,29471.08267,14.757678,606.1033333,0.421071832
2391-90556,N,Wagener,1,WAGE1,WAGE1,7/23/2010,204,Y,control,12,F,1,4,4,N,2,57.0,21.75,2.00,19.75,Y,Y,10-105,Y,Y,2540-98654,y,2540-98655,y,2540-98654,y,2540-98655,y,2540-98654,y,2540-98655,y,Y,predated,,7/23/2010,204,12:29:15,12:31:20,12.4875,0:02:05,2.083,12:47:50,0:18:35,18.583,1.632580,0.490162,29.769780,3.393494,28.137200,3.337093,239190556,72310,N,73479.055,36.794720,604.81,0.365152486
2391-90557,N,Wagener,1,WAGE1,WAGE1,7/23/2010,204,Y,control,12,F,1,4,4,N,3,56.0,21.00,2.00,19.00,Y,Y,10-106,Y,Y,2540-98654,y,2540-98655,y,2540-98654,y,2540-98655,y,2540-98654,y,2540-98655,y,Y,predated,,7/23/2010,204,12:29:15,12:31:18,12.4875,0:02:03,2.050,12:47:10,0:17:55,17.917,3.495340,1.251431,28.322500,3.343657,24.827160,3.211938,239190557,72310,N,41984.57,21.023821,626.1066667,0.406959678
2391-90558,N,Wagener,1,WAGE1,WAGE1,7/23/2010,204,Y,control,12,M,1,4,4,N,4,65.0,22.75,2.00,20.75,Y,Y,10-107,Y,Y,2540-98654,y,2540-98655,y,2540-98654,y,2540-98655,y,2540-98654,y,2540-98655,y,Y,predated,,7/23/2010,204,12:29:15,12:30:50,12.4875,0:01:35,1.583,12:45:45,0:16:30,16.500,1.266380,0.236162,33.336880,3.506664,32.070500,3.467937,239190558,72310,N,65678.374,32.888520,606.1233333,0.384175659
2391-83636,N,Wagener,2,WAGE2,WAGE2,7/1/2010,182,Y,control,12,M,1,5,5,N,4,51.0,21.75,2.00,19.75,Y,Y,10-108,Y,Y,2540-98642,y,2540-44974,y,2540-98642,y,2540-44974,y,2540-98642,y,2540-44974,y,Y,fledged,,7/1/2010,182,13:14:50,13:17:45,13.2472,0:02:55,2.917,13:34:00,0:19:10,19.167,9.190520,2.218173,36.964900,3.609969,27.774380,3.324114,239183636,70110,N,53319.88867,26.699994,627.46,0.427926409
2391-83637,N,Wagener,2,WAGE2,WAGE2,7/1/2010,182,Y,control,12,M,1,5,5,N,5,55.0,21.25,2.00,19.25,Y,Y,10-109,Y,Y,2540-98642,y,2540-44974,y,2540-98642,y,2540-44974,y,2540-98642,y,2540-44974,y,Y,fledged,,7/1/2010,182,13:14:50,13:17:50,13.2472,0:03:00,3.000,13:32:06,0:17:16,17.267,5.121560,1.633459,33.565960,3.513512,28.444400,3.347951,239183637,70110,N,31201.794,15.624334,593.4133333,0.420877947
2391-83898,N,Wagener,2,WAGE2,WAGE2,7/1/2010,182,Y,control,12,M,1,5,5,N,1,58.0,23.00,2.00,21.00,Y,Y,10-110,Y,Y,2540-98642,y,2540-44974,y,2540-98642,y,2540-44974,y,2540-98642,y,2540-44974,y,Y,fledged,,7/11/2010,192,13:14:50,13:15:55,13.2472,0:01:05,1.083,13:31:05,0:16:15,16.250,2.280160,0.824246,30.314300,3.411620,28.034140,3.333423,239183898,70110,N,51502.45167,25.789911,622.0566667,0.372309773
2391-83899,N,Wagener,2,WAGE2,WAGE2,7/1/2010,182,Y,control,12,F,1,5,5,N,2,59.0,21.50,2.00,19.50,Y,Y,10-111,Y,Y,2540-98642,y,2540-44974,y,2540-98642,y,2540-44974,y,2540-98642,y,2540-44974,y,Y,died,,7/11/2010,192,13:14:50,13:16:28,13.2472,0:01:38,1.633,13:32:50,0:18:00,18.000,0.777380,-0.251826,35.233260,3.561991,34.455880,3.539680,239183899,70110,N,72315.16133,36.211899,628.08,0.358752709
2391-83900,N,Wagener,2,WAGE2,WAGE2,7/1/2010,182,Y,control,12,M,1,5,5,N,3,56.0,24.00,2.00,22.00,Y,Y,10-112,Y,Y,2540-98642,y,2540-44974,y,2540-98642,y,2540-44974,y,2540-98642,y,2540-44974,y,Y,died,,7/11/2010,192,13:14:50,13:16:50,13.2472,0:02:00,2.000,13:33:45,0:18:55,18.917,3.121680,1.138371,32.544460,3.482607,29.422780,3.381769,239183900,70110,N,42995.171,21.529880,582.7466667,0.431340797
